sigla_uf,regiao,municipios,prob_media,acima_threshold,taxa_risco_observada,pct_acima_threshold
BA,Nordeste,407,0.9730528966790886,404,0.972972972972973,99.26289926289927
SE,Nordeste,75,0.9407062628954981,75,0.96,100.0
PA,Norte,144,0.8654922934902449,140,0.8541666666666666,97.22222222222221
RN,Nordeste,167,0.8456711618007564,164,0.8802395209580839,98.20359281437125
AM,Norte,62,0.8134967519776117,55,0.7419354838709677,88.70967741935483
AP,Norte,16,0.7723016049127377,15,0.75,93.75
TO,Norte,139,0.7599304227215068,131,0.8201438848920863,94.24460431654677
AL,Nordeste,102,0.7590520964909373,89,0.7549019607843137,87.25490196078431
RS,Sul,473,0.6510705941844417,428,0.6807610993657506,90.48625792811839
MS,Centro-Oeste,79,0.5671049574438547,54,0.6075949367088608,68.35443037974683
PB,Nordeste,221,0.5552873500737014,154,0.5520361990950227,69.68325791855203
RJ,Sudeste,92,0.5152884363840932,50,0.5,54.347826086956516
MA,Nordeste,217,0.4521259952456066,118,0.46543778801843316,54.377880184331794
PE,Nordeste,185,0.4379345771126898,103,0.3891891891891892,55.67567567567567
PI,Nordeste,224,0.43174519546327234,113,0.4107142857142857,50.44642857142857
MT,Centro-Oeste,141,0.3925451187784081,56,0.375886524822695,39.71631205673759
SP,Sudeste,79,0.32525318609705034,29,0.3924050632911392,36.708860759493675
SC,Sul,292,0.2873308167511692,77,0.3013698630136986,26.36986301369863
RO,Norte,52,0.2733498397167414,10,0.17307692307692307,19.230769230769234
PR,Sul,398,0.1113631008913365,18,0.10301507537688442,4.522613065326634
MG,Sudeste,847,0.09259551860837946,13,0.09208972845336481,1.5348288075560803
GO,Centro-Oeste,245,0.047746383267477766,5,0.02857142857142857,2.0408163265306123
ES,Sudeste,78,0.04495998094658115,1,0.0,1.282051282051282
CE,Nordeste,184,0.01466156261921149,1,0.005434782608695652,0.5434782608695652
