feature,feature_original,grupo,media_abs_shap
idhm_longevidade,idhm_longevidade,Socioeconomico,0.28101970308582885
idhm_educacao,idhm_educacao,Socioeconomico,0.20618034108944772
analfabetismo_15mais,analfabetismo_15mais,Socioeconomico,0.1678178193612198
expectativa_anos_estudo,expectativa_anos_estudo,Socioeconomico,0.13200928013016336
pct_extremamente_pobres,pct_extremamente_pobres,Socioeconomico,0.1231474769644748
pct_rural,pct_rural,Socioeconomico,0.12308613991540855
gini,gini,Socioeconomico,0.11702285655016119
log_pib_per_capita,log_pib_per_capita,Socioeconomico,0.10765902926421603
pct_pobres,pct_pobres,Socioeconomico,0.10633630594650642
freq_escolar_4a5,freq_escolar_4a5,Socioeconomico,0.09876812965737947
idhm_renda,idhm_renda,Socioeconomico,0.030547740616145066
idhm,idhm,Socioeconomico,0.0278819191037071
renda_per_capita_2010,renda_per_capita_2010,Socioeconomico,0.025728785887839778
missingindicator_idhm,idhm,Socioeconomico,0.0
missingindicator_idhm_educacao,idhm_educacao,Socioeconomico,0.0
missingindicator_idhm_renda,idhm_renda,Socioeconomico,0.0
missingindicator_idhm_longevidade,idhm_longevidade,Socioeconomico,0.0
missingindicator_renda_per_capita_2010,renda_per_capita_2010,Socioeconomico,0.0
missingindicator_gini,gini,Socioeconomico,0.0
missingindicator_pct_pobres,pct_pobres,Socioeconomico,0.0
missingindicator_pct_extremamente_pobres,pct_extremamente_pobres,Socioeconomico,0.0
missingindicator_analfabetismo_15mais,analfabetismo_15mais,Socioeconomico,0.0
missingindicator_expectativa_anos_estudo,expectativa_anos_estudo,Socioeconomico,0.0
missingindicator_freq_escolar_4a5,freq_escolar_4a5,Socioeconomico,0.0
missingindicator_pct_rural,pct_rural,Socioeconomico,0.0
